,date,cy_date,year,month_name,date_yy_mmm
0,2017-06-01,2017-06-01,2017,June,"17-Jun"
1,2017-06-02,2017-06-01,2017,June,"17-Jun"
2,2017-06-03,2017-06-01,2017,June,"17-Jun"
3,2017-06-04,2017-06-01,2017,June,"17-Jun"
4,2017-06-05,2017-06-01,2017,June,"17-Jun"
5,2017-06-06,2017-06-01,2017,June,"17-Jun"
6,2017-06-07,2017-06-01,2017,June,"17-Jun"
7,2017-06-08,2017-06-01,2017,June,"17-Jun"
8,2017-06-09,2017-06-01,2017,June,"17-Jun"
9,2017-06-10,2017-06-01,2017,June,"17-Jun"
10,2017-06-11,2017-06-01,2017,June,"17-Jun"
11,2017-06-12,2017-06-01,2017,June,"17-Jun"
12,2017-06-13,2017-06-01,2017,June,"17-Jun"
13,2017-06-14,2017-06-01,2017,June,"17-Jun"
14,2017-06-15,2017-06-01,2017,June,"17-Jun"
15,2017-06-16,2017-06-01,2017,June,"17-Jun"
16,2017-06-17,2017-06-01,2017,June,"17-Jun"
17,2017-06-18,2017-06-01,2017,June,"17-Jun"
18,2017-06-19,2017-06-01,2017,June,"17-Jun"
19,2017-06-20,2017-06-01,2017,June,"17-Jun"
20,2017-06-21,2017-06-01,2017,June,"17-Jun"
21,2017-06-22,2017-06-01,2017,June,"17-Jun"
22,2017-06-23,2017-06-01,2017,June,"17-Jun"
23,2017-06-24,2017-06-01,2017,June,"17-Jun"
24,2017-06-25,2017-06-01,2017,June,"17-Jun"
25,2017-06-26,2017-06-01,2017,June,"17-Jun"
26,2017-06-27,2017-06-01,2017,June,"17-Jun"
27,2017-06-28,2017-06-01,2017,June,"17-Jun"
28,2017-06-29,2017-06-01,2017,June,"17-Jun"
29,2017-06-30,2017-06-01,2017,June,"17-Jun"
30,2017-07-01,2017-07-01,2017,July,"17-Jul"
31,2017-07-02,2017-07-01,2017,July,"17-Jul"
32,2017-07-03,2017-07-01,2017,July,"17-Jul"
33,2017-07-04,2017-07-01,2017,July,"17-Jul"
34,2017-07-05,2017-07-01,2017,July,"17-Jul"
35,2017-07-06,2017-07-01,2017,July,"17-Jul"
36,2017-07-07,2017-07-01,2017,July,"17-Jul"
37,2017-07-08,2017-07-01,2017,July,"17-Jul"
38,2017-07-09,2017-07-01,2017,July,"17-Jul"
39,2017-07-10,2017-07-01,2017,July,"17-Jul"
40,2017-07-11,2017-07-01,2017,July,"17-Jul"
41,2017-07-12,2017-07-01,2017,July,"17-Jul"
42,2017-07-13,2017-07-01,2017,July,"17-Jul"
43,2017-07-14,2017-07-01,2017,July,"17-Jul"
44,2017-07-15,2017-07-01,2017,July,"17-Jul"
45,2017-07-16,2017-07-01,2017,July,"17-Jul"
46,2017-07-17,2017-07-01,2017,July,"17-Jul"
47,2017-07-18,2017-07-01,2017,July,"17-Jul"
48,2017-07-19,2017-07-01,2017,July,"17-Jul"
49,2017-07-20,2017-07-01,2017,July,"17-Jul"
50,2017-07-21,2017-07-01,2017,July,"17-Jul"
51,2017-07-22,2017-07-01,2017,July,"17-Jul"
52,2017-07-23,2017-07-01,2017,July,"17-Jul"
53,2017-07-24,2017-07-01,2017,July,"17-Jul"
54,2017-07-25,2017-07-01,2017,July,"17-Jul"
55,2017-07-26,2017-07-01,2017,July,"17-Jul"
56,2017-07-27,2017-07-01,2017,July,"17-Jul"
57,2017-07-28,2017-07-01,2017,July,"17-Jul"
58,2017-07-29,2017-07-01,2017,July,"17-Jul"
59,2017-07-30,2017-07-01,2017,July,"17-Jul"
60,2017-07-31,2017-07-01,2017,July,"17-Jul"
61,2017-08-01,2017-08-01,2017,August,"17-Aug"
62,2017-08-02,2017-08-01,2017,August,"17-Aug"
63,2017-08-03,2017-08-01,2017,August,"17-Aug"
64,2017-08-04,2017-08-01,2017,August,"17-Aug"
65,2017-08-05,2017-08-01,2017,August,"17-Aug"
66,2017-08-06,2017-08-01,2017,August,"17-Aug"
67,2017-08-07,2017-08-01,2017,August,"17-Aug"
68,2017-08-08,2017-08-01,2017,August,"17-Aug"
69,2017-08-09,2017-08-01,2017,August,"17-Aug"
70,2017-08-10,2017-08-01,2017,August,"17-Aug"
71,2017-08-11,2017-08-01,2017,August,"17-Aug"
72,2017-08-12,2017-08-01,2017,August,"17-Aug"
73,2017-08-13,2017-08-01,2017,August,"17-Aug"
74,2017-08-14,2017-08-01,2017,August,"17-Aug"
75,2017-08-15,2017-08-01,2017,August,"17-Aug"
76,2017-08-16,2017-08-01,2017,August,"17-Aug"
77,2017-08-17,2017-08-01,2017,August,"17-Aug"
78,2017-08-18,2017-08-01,2017,August,"17-Aug"
79,2017-08-19,2017-08-01,2017,August,"17-Aug"
80,2017-08-20,2017-08-01,2017,August,"17-Aug"
81,2017-08-21,2017-08-01,2017,August,"17-Aug"
82,2017-08-22,2017-08-01,2017,August,"17-Aug"
83,2017-08-23,2017-08-01,2017,August,"17-Aug"
84,2017-08-24,2017-08-01,2017,August,"17-Aug"
85,2017-08-25,2017-08-01,2017,August,"17-Aug"
86,2017-08-26,2017-08-01,2017,August,"17-Aug"
87,2017-08-27,2017-08-01,2017,August,"17-Aug"
88,2017-08-28,2017-08-01,2017,August,"17-Aug"
89,2017-08-29,2017-08-01,2017,August,"17-Aug"
90,2017-08-30,2017-08-01,2017,August,"17-Aug"
91,2017-08-31,2017-08-01,2017,August,"17-Aug"
92,2017-09-01,2017-09-01,2017,September,"17-Sep"
93,2017-09-02,2017-09-01,2017,September,"17-Sep"
94,2017-09-03,2017-09-01,2017,September,"17-Sep"
95,2017-09-04,2017-09-01,2017,September,"17-Sep"
96,2017-09-05,2017-09-01,2017,September,"17-Sep"
97,2017-09-06,2017-09-01,2017,September,"17-Sep"
98,2017-09-07,2017-09-01,2017,September,"17-Sep"
99,2017-09-08,2017-09-01,2017,September,"17-Sep"
100,2017-09-09,2017-09-01,2017,September,"17-Sep"
101,2017-09-10,2017-09-01,2017,September,"17-Sep"
102,2017-09-11,2017-09-01,2017,September,"17-Sep"
103,2017-09-12,2017-09-01,2017,September,"17-Sep"
104,2017-09-13,2017-09-01,2017,September,"17-Sep"
105,2017-09-14,2017-09-01,2017,September,"17-Sep"
106,2017-09-15,2017-09-01,2017,September,"17-Sep"
107,2017-09-16,2017-09-01,2017,September,"17-Sep"
108,2017-09-17,2017-09-01,2017,September,"17-Sep"
109,2017-09-18,2017-09-01,2017,September,"17-Sep"
110,2017-09-19,2017-09-01,2017,September,"17-Sep"
111,2017-09-20,2017-09-01,2017,September,"17-Sep"
112,2017-09-21,2017-09-01,2017,September,"17-Sep"
113,2017-09-22,2017-09-01,2017,September,"17-Sep"
114,2017-09-23,2017-09-01,2017,September,"17-Sep"
115,2017-09-24,2017-09-01,2017,September,"17-Sep"
116,2017-09-25,2017-09-01,2017,September,"17-Sep"
117,2017-09-26,2017-09-01,2017,September,"17-Sep"
118,2017-09-27,2017-09-01,2017,September,"17-Sep"
119,2017-09-28,2017-09-01,2017,September,"17-Sep"
120,2017-09-29,2017-09-01,2017,September,"17-Sep"
121,2017-09-30,2017-09-01,2017,September,"17-Sep"
122,2017-10-01,2017-10-01,2017,October,"17-Oct"
123,2017-10-02,2017-10-01,2017,October,"17-Oct"
124,2017-10-03,2017-10-01,2017,October,"17-Oct"
125,2017-10-04,2017-10-01,2017,October,"17-Oct"
126,2017-10-05,2017-10-01,2017,October,"17-Oct"
127,2017-10-06,2017-10-01,2017,October,"17-Oct"
128,2017-10-07,2017-10-01,2017,October,"17-Oct"
129,2017-10-08,2017-10-01,2017,October,"17-Oct"
130,2017-10-09,2017-10-01,2017,October,"17-Oct"
131,2017-10-10,2017-10-01,2017,October,"17-Oct"
132,2017-10-11,2017-10-01,2017,October,"17-Oct"
133,2017-10-12,2017-10-01,2017,October,"17-Oct"
134,2017-10-13,2017-10-01,2017,October,"17-Oct"
135,2017-10-14,2017-10-01,2017,October,"17-Oct"
136,2017-10-15,2017-10-01,2017,October,"17-Oct"
137,2017-10-16,2017-10-01,2017,October,"17-Oct"
138,2017-10-17,2017-10-01,2017,October,"17-Oct"
139,2017-10-18,2017-10-01,2017,October,"17-Oct"
140,2017-10-19,2017-10-01,2017,October,"17-Oct"
141,2017-10-20,2017-10-01,2017,October,"17-Oct"
142,2017-10-21,2017-10-01,2017,October,"17-Oct"
143,2017-10-22,2017-10-01,2017,October,"17-Oct"
144,2017-10-23,2017-10-01,2017,October,"17-Oct"
145,2017-10-24,2017-10-01,2017,October,"17-Oct"
146,2017-10-25,2017-10-01,2017,October,"17-Oct"
147,2017-10-26,2017-10-01,2017,October,"17-Oct"
148,2017-10-27,2017-10-01,2017,October,"17-Oct"
149,2017-10-28,2017-10-01,2017,October,"17-Oct"
150,2017-10-29,2017-10-01,2017,October,"17-Oct"
151,2017-10-30,2017-10-01,2017,October,"17-Oct"
152,2017-10-31,2017-10-01,2017,October,"17-Oct"
153,2017-11-01,2017-11-01,2017,November,"17-Nov"
154,2017-11-02,2017-11-01,2017,November,"17-Nov"
155,2017-11-03,2017-11-01,2017,November,"17-Nov"
156,2017-11-04,2017-11-01,2017,November,"17-Nov"
157,2017-11-05,2017-11-01,2017,November,"17-Nov"
158,2017-11-06,2017-11-01,2017,November,"17-Nov"
159,2017-11-07,2017-11-01,2017,November,"17-Nov"
160,2017-11-08,2017-11-01,2017,November,"17-Nov"
161,2017-11-09,2017-11-01,2017,November,"17-Nov"
162,2017-11-10,2017-11-01,2017,November,"17-Nov"
163,2017-11-11,2017-11-01,2017,November,"17-Nov"
164,2017-11-12,2017-11-01,2017,November,"17-Nov"
165,2017-11-13,2017-11-01,2017,November,"17-Nov"
166,2017-11-14,2017-11-01,2017,November,"17-Nov"
167,2017-11-15,2017-11-01,2017,November,"17-Nov"
168,2017-11-16,2017-11-01,2017,November,"17-Nov"
169,2017-11-17,2017-11-01,2017,November,"17-Nov"
170,2017-11-18,2017-11-01,2017,November,"17-Nov"
171,2017-11-19,2017-11-01,2017,November,"17-Nov"
172,2017-11-20,2017-11-01,2017,November,"17-Nov"
173,2017-11-21,2017-11-01,2017,November,"17-Nov"
174,2017-11-22,2017-11-01,2017,November,"17-Nov"
175,2017-11-23,2017-11-01,2017,November,"17-Nov"
176,2017-11-24,2017-11-01,2017,November,"17-Nov"
177,2017-11-25,2017-11-01,2017,November,"17-Nov"
178,2017-11-26,2017-11-01,2017,November,"17-Nov"
179,2017-11-27,2017-11-01,2017,November,"17-Nov"
180,2017-11-28,2017-11-01,2017,November,"17-Nov"
181,2017-11-29,2017-11-01,2017,November,"17-Nov"
182,2017-11-30,2017-11-01,2017,November,"17-Nov"
183,2017-12-01,2017-12-01,2017,December,"17-Dec"
184,2017-12-02,2017-12-01,2017,December,"17-Dec"
185,2017-12-03,2017-12-01,2017,December,"17-Dec"
186,2017-12-04,2017-12-01,2017,December,"17-Dec"
187,2017-12-05,2017-12-01,2017,December,"17-Dec"
188,2017-12-06,2017-12-01,2017,December,"17-Dec"
189,2017-12-07,2017-12-01,2017,December,"17-Dec"
190,2017-12-08,2017-12-01,2017,December,"17-Dec"
191,2017-12-09,2017-12-01,2017,December,"17-Dec"
192,2017-12-10,2017-12-01,2017,December,"17-Dec"
193,2017-12-11,2017-12-01,2017,December,"17-Dec"
194,2017-12-12,2017-12-01,2017,December,"17-Dec"
195,2017-12-13,2017-12-01,2017,December,"17-Dec"
196,2017-12-14,2017-12-01,2017,December,"17-Dec"
197,2017-12-15,2017-12-01,2017,December,"17-Dec"
198,2017-12-16,2017-12-01,2017,December,"17-Dec"
199,2017-12-17,2017-12-01,2017,December,"17-Dec"
200,2017-12-18,2017-12-01,2017,December,"17-Dec"
201,2017-12-19,2017-12-01,2017,December,"17-Dec"
202,2017-12-20,2017-12-01,2017,December,"17-Dec"
203,2017-12-21,2017-12-01,2017,December,"17-Dec"
204,2017-12-22,2017-12-01,2017,December,"17-Dec"
205,2017-12-23,2017-12-01,2017,December,"17-Dec"
206,2017-12-24,2017-12-01,2017,December,"17-Dec"
207,2017-12-25,2017-12-01,2017,December,"17-Dec"
208,2017-12-26,2017-12-01,2017,December,"17-Dec"
209,2017-12-27,2017-12-01,2017,December,"17-Dec"
210,2017-12-28,2017-12-01,2017,December,"17-Dec"
211,2017-12-29,2017-12-01,2017,December,"17-Dec"
212,2017-12-30,2017-12-01,2017,December,"17-Dec"
213,2017-12-31,2017-12-01,2017,December,"17-Dec"
214,2018-01-01,2018-01-01,2018,January,"18-Jan"
215,2018-01-02,2018-01-01,2018,January,"18-Jan"
216,2018-01-03,2018-01-01,2018,January,"18-Jan"
217,2018-01-04,2018-01-01,2018,January,"18-Jan"
218,2018-01-05,2018-01-01,2018,January,"18-Jan"
219,2018-01-06,2018-01-01,2018,January,"18-Jan"
220,2018-01-07,2018-01-01,2018,January,"18-Jan"
221,2018-01-08,2018-01-01,2018,January,"18-Jan"
222,2018-01-09,2018-01-01,2018,January,"18-Jan"
223,2018-01-10,2018-01-01,2018,January,"18-Jan"
224,2018-01-11,2018-01-01,2018,January,"18-Jan"
225,2018-01-12,2018-01-01,2018,January,"18-Jan"
226,2018-01-13,2018-01-01,2018,January,"18-Jan"
227,2018-01-14,2018-01-01,2018,January,"18-Jan"
228,2018-01-15,2018-01-01,2018,January,"18-Jan"
229,2018-01-16,2018-01-01,2018,January,"18-Jan"
230,2018-01-17,2018-01-01,2018,January,"18-Jan"
231,2018-01-18,2018-01-01,2018,January,"18-Jan"
232,2018-01-19,2018-01-01,2018,January,"18-Jan"
233,2018-01-20,2018-01-01,2018,January,"18-Jan"
234,2018-01-21,2018-01-01,2018,January,"18-Jan"
235,2018-01-22,2018-01-01,2018,January,"18-Jan"
236,2018-01-23,2018-01-01,2018,January,"18-Jan"
237,2018-01-24,2018-01-01,2018,January,"18-Jan"
238,2018-01-25,2018-01-01,2018,January,"18-Jan"
239,2018-01-26,2018-01-01,2018,January,"18-Jan"
240,2018-01-27,2018-01-01,2018,January,"18-Jan"
241,2018-01-28,2018-01-01,2018,January,"18-Jan"
242,2018-01-29,2018-01-01,2018,January,"18-Jan"
243,2018-01-30,2018-01-01,2018,January,"18-Jan"
244,2018-01-31,2018-01-01,2018,January,"18-Jan"
245,2018-02-01,2018-02-01,2018,February,"18-Feb"
246,2018-02-02,2018-02-01,2018,February,"18-Feb"
247,2018-02-03,2018-02-01,2018,February,"18-Feb"
248,2018-02-04,2018-02-01,2018,February,"18-Feb"
249,2018-02-05,2018-02-01,2018,February,"18-Feb"
250,2018-02-06,2018-02-01,2018,February,"18-Feb"
251,2018-02-07,2018-02-01,2018,February,"18-Feb"
252,2018-02-08,2018-02-01,2018,February,"18-Feb"
253,2018-02-09,2018-02-01,2018,February,"18-Feb"
254,2018-02-10,2018-02-01,2018,February,"18-Feb"
255,2018-02-11,2018-02-01,2018,February,"18-Feb"
256,2018-02-12,2018-02-01,2018,February,"18-Feb"
257,2018-02-13,2018-02-01,2018,February,"18-Feb"
258,2018-02-14,2018-02-01,2018,February,"18-Feb"
259,2018-02-15,2018-02-01,2018,February,"18-Feb"
260,2018-02-16,2018-02-01,2018,February,"18-Feb"
261,2018-02-17,2018-02-01,2018,February,"18-Feb"
262,2018-02-18,2018-02-01,2018,February,"18-Feb"
263,2018-02-19,2018-02-01,2018,February,"18-Feb"
264,2018-02-20,2018-02-01,2018,February,"18-Feb"
265,2018-02-21,2018-02-01,2018,February,"18-Feb"
266,2018-02-22,2018-02-01,2018,February,"18-Feb"
267,2018-02-23,2018-02-01,2018,February,"18-Feb"
268,2018-02-24,2018-02-01,2018,February,"18-Feb"
269,2018-02-25,2018-02-01,2018,February,"18-Feb"
270,2018-02-26,2018-02-01,2018,February,"18-Feb"
271,2018-02-27,2018-02-01,2018,February,"18-Feb"
272,2018-02-28,2018-02-01,2018,February,"18-Feb"
273,2018-03-01,2018-03-01,2018,March,"18-Mar"
274,2018-03-02,2018-03-01,2018,March,"18-Mar"
275,2018-03-03,2018-03-01,2018,March,"18-Mar"
276,2018-03-04,2018-03-01,2018,March,"18-Mar"
277,2018-03-05,2018-03-01,2018,March,"18-Mar"
278,2018-03-06,2018-03-01,2018,March,"18-Mar"
279,2018-03-07,2018-03-01,2018,March,"18-Mar"
280,2018-03-08,2018-03-01,2018,March,"18-Mar"
281,2018-03-09,2018-03-01,2018,March,"18-Mar"
282,2018-03-10,2018-03-01,2018,March,"18-Mar"
283,2018-03-11,2018-03-01,2018,March,"18-Mar"
284,2018-03-12,2018-03-01,2018,March,"18-Mar"
285,2018-03-13,2018-03-01,2018,March,"18-Mar"
286,2018-03-14,2018-03-01,2018,March,"18-Mar"
287,2018-03-15,2018-03-01,2018,March,"18-Mar"
288,2018-03-16,2018-03-01,2018,March,"18-Mar"
289,2018-03-17,2018-03-01,2018,March,"18-Mar"
290,2018-03-18,2018-03-01,2018,March,"18-Mar"
291,2018-03-19,2018-03-01,2018,March,"18-Mar"
292,2018-03-20,2018-03-01,2018,March,"18-Mar"
293,2018-03-21,2018-03-01,2018,March,"18-Mar"
294,2018-03-22,2018-03-01,2018,March,"18-Mar"
295,2018-03-23,2018-03-01,2018,March,"18-Mar"
296,2018-03-24,2018-03-01,2018,March,"18-Mar"
297,2018-03-25,2018-03-01,2018,March,"18-Mar"
298,2018-03-26,2018-03-01,2018,March,"18-Mar"
299,2018-03-27,2018-03-01,2018,March,"18-Mar"
300,2018-03-28,2018-03-01,2018,March,"18-Mar"
301,2018-03-29,2018-03-01,2018,March,"18-Mar"
302,2018-03-30,2018-03-01,2018,March,"18-Mar"
303,2018-03-31,2018-03-01,2018,March,"18-Mar"
304,2018-04-01,2018-04-01,2018,April,"18-Apr"
305,2018-04-02,2018-04-01,2018,April,"18-Apr"
306,2018-04-03,2018-04-01,2018,April,"18-Apr"
307,2018-04-04,2018-04-01,2018,April,"18-Apr"
308,2018-04-05,2018-04-01,2018,April,"18-Apr"
309,2018-04-06,2018-04-01,2018,April,"18-Apr"
310,2018-04-07,2018-04-01,2018,April,"18-Apr"
311,2018-04-08,2018-04-01,2018,April,"18-Apr"
312,2018-04-09,2018-04-01,2018,April,"18-Apr"
313,2018-04-10,2018-04-01,2018,April,"18-Apr"
314,2018-04-11,2018-04-01,2018,April,"18-Apr"
315,2018-04-12,2018-04-01,2018,April,"18-Apr"
316,2018-04-13,2018-04-01,2018,April,"18-Apr"
317,2018-04-14,2018-04-01,2018,April,"18-Apr"
318,2018-04-15,2018-04-01,2018,April,"18-Apr"
319,2018-04-16,2018-04-01,2018,April,"18-Apr"
320,2018-04-17,2018-04-01,2018,April,"18-Apr"
321,2018-04-18,2018-04-01,2018,April,"18-Apr"
322,2018-04-19,2018-04-01,2018,April,"18-Apr"
323,2018-04-20,2018-04-01,2018,April,"18-Apr"
324,2018-04-21,2018-04-01,2018,April,"18-Apr"
325,2018-04-22,2018-04-01,2018,April,"18-Apr"
326,2018-04-23,2018-04-01,2018,April,"18-Apr"
327,2018-04-24,2018-04-01,2018,April,"18-Apr"
328,2018-04-25,2018-04-01,2018,April,"18-Apr"
329,2018-04-26,2018-04-01,2018,April,"18-Apr"
330,2018-04-27,2018-04-01,2018,April,"18-Apr"
331,2018-04-28,2018-04-01,2018,April,"18-Apr"
332,2018-04-29,2018-04-01,2018,April,"18-Apr"
333,2018-04-30,2018-04-01,2018,April,"18-Apr"
334,2018-05-01,2018-05-01,2018,May,"18-May"
335,2018-05-02,2018-05-01,2018,May,"18-May"
336,2018-05-03,2018-05-01,2018,May,"18-May"
337,2018-05-04,2018-05-01,2018,May,"18-May"
338,2018-05-05,2018-05-01,2018,May,"18-May"
339,2018-05-06,2018-05-01,2018,May,"18-May"
340,2018-05-07,2018-05-01,2018,May,"18-May"
341,2018-05-08,2018-05-01,2018,May,"18-May"
342,2018-05-09,2018-05-01,2018,May,"18-May"
343,2018-05-10,2018-05-01,2018,May,"18-May"
344,2018-05-11,2018-05-01,2018,May,"18-May"
345,2018-05-12,2018-05-01,2018,May,"18-May"
346,2018-05-13,2018-05-01,2018,May,"18-May"
347,2018-05-14,2018-05-01,2018,May,"18-May"
348,2018-05-15,2018-05-01,2018,May,"18-May"
349,2018-05-16,2018-05-01,2018,May,"18-May"
350,2018-05-17,2018-05-01,2018,May,"18-May"
351,2018-05-18,2018-05-01,2018,May,"18-May"
352,2018-05-19,2018-05-01,2018,May,"18-May"
353,2018-05-20,2018-05-01,2018,May,"18-May"
354,2018-05-21,2018-05-01,2018,May,"18-May"
355,2018-05-22,2018-05-01,2018,May,"18-May"
356,2018-05-23,2018-05-01,2018,May,"18-May"
357,2018-05-24,2018-05-01,2018,May,"18-May"
358,2018-05-25,2018-05-01,2018,May,"18-May"
359,2018-05-26,2018-05-01,2018,May,"18-May"
360,2018-05-27,2018-05-01,2018,May,"18-May"
361,2018-05-28,2018-05-01,2018,May,"18-May"
362,2018-05-29,2018-05-01,2018,May,"18-May"
363,2018-05-30,2018-05-01,2018,May,"18-May"
364,2018-05-31,2018-05-01,2018,May,"18-May"
365,2018-06-01,2018-06-01,2018,June,"18-Jun"
366,2018-06-02,2018-06-01,2018,June,"18-Jun"
367,2018-06-03,2018-06-01,2018,June,"18-Jun"
368,2018-06-04,2018-06-01,2018,June,"18-Jun"
369,2018-06-05,2018-06-01,2018,June,"18-Jun"
370,2018-06-06,2018-06-01,2018,June,"18-Jun"
371,2018-06-07,2018-06-01,2018,June,"18-Jun"
372,2018-06-08,2018-06-01,2018,June,"18-Jun"
373,2018-06-09,2018-06-01,2018,June,"18-Jun"
374,2018-06-10,2018-06-01,2018,June,"18-Jun"
375,2018-06-11,2018-06-01,2018,June,"18-Jun"
376,2018-06-12,2018-06-01,2018,June,"18-Jun"
377,2018-06-13,2018-06-01,2018,June,"18-Jun"
378,2018-06-14,2018-06-01,2018,June,"18-Jun"
379,2018-06-15,2018-06-01,2018,June,"18-Jun"
380,2018-06-16,2018-06-01,2018,June,"18-Jun"
381,2018-06-17,2018-06-01,2018,June,"18-Jun"
382,2018-06-18,2018-06-01,2018,June,"18-Jun"
383,2018-06-19,2018-06-01,2018,June,"18-Jun"
384,2018-06-20,2018-06-01,2018,June,"18-Jun"
385,2018-06-21,2018-06-01,2018,June,"18-Jun"
386,2018-06-22,2018-06-01,2018,June,"18-Jun"
387,2018-06-23,2018-06-01,2018,June,"18-Jun"
388,2018-06-24,2018-06-01,2018,June,"18-Jun"
389,2018-06-25,2018-06-01,2018,June,"18-Jun"
390,2018-06-26,2018-06-01,2018,June,"18-Jun"
391,2018-06-27,2018-06-01,2018,June,"18-Jun"
392,2018-06-28,2018-06-01,2018,June,"18-Jun"
393,2018-06-29,2018-06-01,2018,June,"18-Jun"
394,2018-06-30,2018-06-01,2018,June,"18-Jun"
395,2018-07-01,2018-07-01,2018,July,"18-Jul"
396,2018-07-02,2018-07-01,2018,July,"18-Jul"
397,2018-07-03,2018-07-01,2018,July,"18-Jul"
398,2018-07-04,2018-07-01,2018,July,"18-Jul"
399,2018-07-05,2018-07-01,2018,July,"18-Jul"
400,2018-07-06,2018-07-01,2018,July,"18-Jul"
401,2018-07-07,2018-07-01,2018,July,"18-Jul"
402,2018-07-08,2018-07-01,2018,July,"18-Jul"
403,2018-07-09,2018-07-01,2018,July,"18-Jul"
404,2018-07-10,2018-07-01,2018,July,"18-Jul"
405,2018-07-11,2018-07-01,2018,July,"18-Jul"
406,2018-07-12,2018-07-01,2018,July,"18-Jul"
407,2018-07-13,2018-07-01,2018,July,"18-Jul"
408,2018-07-14,2018-07-01,2018,July,"18-Jul"
409,2018-07-15,2018-07-01,2018,July,"18-Jul"
410,2018-07-16,2018-07-01,2018,July,"18-Jul"
411,2018-07-17,2018-07-01,2018,July,"18-Jul"
412,2018-07-18,2018-07-01,2018,July,"18-Jul"
413,2018-07-19,2018-07-01,2018,July,"18-Jul"
414,2018-07-20,2018-07-01,2018,July,"18-Jul"
415,2018-07-21,2018-07-01,2018,July,"18-Jul"
416,2018-07-22,2018-07-01,2018,July,"18-Jul"
417,2018-07-23,2018-07-01,2018,July,"18-Jul"
418,2018-07-24,2018-07-01,2018,July,"18-Jul"
419,2018-07-25,2018-07-01,2018,July,"18-Jul"
420,2018-07-26,2018-07-01,2018,July,"18-Jul"
421,2018-07-27,2018-07-01,2018,July,"18-Jul"
422,2018-07-28,2018-07-01,2018,July,"18-Jul"
423,2018-07-29,2018-07-01,2018,July,"18-Jul"
424,2018-07-30,2018-07-01,2018,July,"18-Jul"
425,2018-07-31,2018-07-01,2018,July,"18-Jul"
426,2018-08-01,2018-08-01,2018,August,"18-Aug"
427,2018-08-02,2018-08-01,2018,August,"18-Aug"
428,2018-08-03,2018-08-01,2018,August,"18-Aug"
429,2018-08-04,2018-08-01,2018,August,"18-Aug"
430,2018-08-05,2018-08-01,2018,August,"18-Aug"
431,2018-08-06,2018-08-01,2018,August,"18-Aug"
432,2018-08-07,2018-08-01,2018,August,"18-Aug"
433,2018-08-08,2018-08-01,2018,August,"18-Aug"
434,2018-08-09,2018-08-01,2018,August,"18-Aug"
435,2018-08-10,2018-08-01,2018,August,"18-Aug"
436,2018-08-11,2018-08-01,2018,August,"18-Aug"
437,2018-08-12,2018-08-01,2018,August,"18-Aug"
438,2018-08-13,2018-08-01,2018,August,"18-Aug"
439,2018-08-14,2018-08-01,2018,August,"18-Aug"
440,2018-08-15,2018-08-01,2018,August,"18-Aug"
441,2018-08-16,2018-08-01,2018,August,"18-Aug"
442,2018-08-17,2018-08-01,2018,August,"18-Aug"
443,2018-08-18,2018-08-01,2018,August,"18-Aug"
444,2018-08-19,2018-08-01,2018,August,"18-Aug"
445,2018-08-20,2018-08-01,2018,August,"18-Aug"
446,2018-08-21,2018-08-01,2018,August,"18-Aug"
447,2018-08-22,2018-08-01,2018,August,"18-Aug"
448,2018-08-23,2018-08-01,2018,August,"18-Aug"
449,2018-08-24,2018-08-01,2018,August,"18-Aug"
450,2018-08-25,2018-08-01,2018,August,"18-Aug"
451,2018-08-26,2018-08-01,2018,August,"18-Aug"
452,2018-08-27,2018-08-01,2018,August,"18-Aug"
453,2018-08-28,2018-08-01,2018,August,"18-Aug"
454,2018-08-29,2018-08-01,2018,August,"18-Aug"
455,2018-08-30,2018-08-01,2018,August,"18-Aug"
456,2018-08-31,2018-08-01,2018,August,"18-Aug"
457,2018-09-01,2018-09-01,2018,September,"18-Sep"
458,2018-09-02,2018-09-01,2018,September,"18-Sep"
459,2018-09-03,2018-09-01,2018,September,"18-Sep"
460,2018-09-04,2018-09-01,2018,September,"18-Sep"
461,2018-09-05,2018-09-01,2018,September,"18-Sep"
462,2018-09-06,2018-09-01,2018,September,"18-Sep"
463,2018-09-07,2018-09-01,2018,September,"18-Sep"
464,2018-09-08,2018-09-01,2018,September,"18-Sep"
465,2018-09-09,2018-09-01,2018,September,"18-Sep"
466,2018-09-10,2018-09-01,2018,September,"18-Sep"
467,2018-09-11,2018-09-01,2018,September,"18-Sep"
468,2018-09-12,2018-09-01,2018,September,"18-Sep"
469,2018-09-13,2018-09-01,2018,September,"18-Sep"
470,2018-09-14,2018-09-01,2018,September,"18-Sep"
471,2018-09-15,2018-09-01,2018,September,"18-Sep"
472,2018-09-16,2018-09-01,2018,September,"18-Sep"
473,2018-09-17,2018-09-01,2018,September,"18-Sep"
474,2018-09-18,2018-09-01,2018,September,"18-Sep"
475,2018-09-19,2018-09-01,2018,September,"18-Sep"
476,2018-09-20,2018-09-01,2018,September,"18-Sep"
477,2018-09-21,2018-09-01,2018,September,"18-Sep"
478,2018-09-22,2018-09-01,2018,September,"18-Sep"
479,2018-09-23,2018-09-01,2018,September,"18-Sep"
480,2018-09-24,2018-09-01,2018,September,"18-Sep"
481,2018-09-25,2018-09-01,2018,September,"18-Sep"
482,2018-09-26,2018-09-01,2018,September,"18-Sep"
483,2018-09-27,2018-09-01,2018,September,"18-Sep"
484,2018-09-28,2018-09-01,2018,September,"18-Sep"
485,2018-09-29,2018-09-01,2018,September,"18-Sep"
486,2018-09-30,2018-09-01,2018,September,"18-Sep"
487,2018-10-01,2018-10-01,2018,October,"18-Oct"
488,2018-10-02,2018-10-01,2018,October,"18-Oct"
489,2018-10-03,2018-10-01,2018,October,"18-Oct"
490,2018-10-04,2018-10-01,2018,October,"18-Oct"
491,2018-10-05,2018-10-01,2018,October,"18-Oct"
492,2018-10-06,2018-10-01,2018,October,"18-Oct"
493,2018-10-07,2018-10-01,2018,October,"18-Oct"
494,2018-10-08,2018-10-01,2018,October,"18-Oct"
495,2018-10-09,2018-10-01,2018,October,"18-Oct"
496,2018-10-10,2018-10-01,2018,October,"18-Oct"
497,2018-10-11,2018-10-01,2018,October,"18-Oct"
498,2018-10-12,2018-10-01,2018,October,"18-Oct"
499,2018-10-13,2018-10-01,2018,October,"18-Oct"
500,2018-10-14,2018-10-01,2018,October,"18-Oct"
501,2018-10-15,2018-10-01,2018,October,"18-Oct"
502,2018-10-16,2018-10-01,2018,October,"18-Oct"
503,2018-10-17,2018-10-01,2018,October,"18-Oct"
504,2018-10-18,2018-10-01,2018,October,"18-Oct"
505,2018-10-19,2018-10-01,2018,October,"18-Oct"
506,2018-10-20,2018-10-01,2018,October,"18-Oct"
507,2018-10-21,2018-10-01,2018,October,"18-Oct"
508,2018-10-22,2018-10-01,2018,October,"18-Oct"
509,2018-10-23,2018-10-01,2018,October,"18-Oct"
510,2018-10-24,2018-10-01,2018,October,"18-Oct"
511,2018-10-25,2018-10-01,2018,October,"18-Oct"
512,2018-10-26,2018-10-01,2018,October,"18-Oct"
513,2018-10-27,2018-10-01,2018,October,"18-Oct"
514,2018-10-28,2018-10-01,2018,October,"18-Oct"
515,2018-10-29,2018-10-01,2018,October,"18-Oct"
516,2018-10-30,2018-10-01,2018,October,"18-Oct"
517,2018-10-31,2018-10-01,2018,October,"18-Oct"
518,2018-11-01,2018-11-01,2018,November,"18-Nov"
519,2018-11-02,2018-11-01,2018,November,"18-Nov"
520,2018-11-03,2018-11-01,2018,November,"18-Nov"
521,2018-11-04,2018-11-01,2018,November,"18-Nov"
522,2018-11-05,2018-11-01,2018,November,"18-Nov"
523,2018-11-06,2018-11-01,2018,November,"18-Nov"
524,2018-11-07,2018-11-01,2018,November,"18-Nov"
525,2018-11-08,2018-11-01,2018,November,"18-Nov"
526,2018-11-09,2018-11-01,2018,November,"18-Nov"
527,2018-11-10,2018-11-01,2018,November,"18-Nov"
528,2018-11-11,2018-11-01,2018,November,"18-Nov"
529,2018-11-12,2018-11-01,2018,November,"18-Nov"
530,2018-11-13,2018-11-01,2018,November,"18-Nov"
531,2018-11-14,2018-11-01,2018,November,"18-Nov"
532,2018-11-15,2018-11-01,2018,November,"18-Nov"
533,2018-11-16,2018-11-01,2018,November,"18-Nov"
534,2018-11-17,2018-11-01,2018,November,"18-Nov"
535,2018-11-18,2018-11-01,2018,November,"18-Nov"
536,2018-11-19,2018-11-01,2018,November,"18-Nov"
537,2018-11-20,2018-11-01,2018,November,"18-Nov"
538,2018-11-21,2018-11-01,2018,November,"18-Nov"
539,2018-11-22,2018-11-01,2018,November,"18-Nov"
540,2018-11-23,2018-11-01,2018,November,"18-Nov"
541,2018-11-24,2018-11-01,2018,November,"18-Nov"
542,2018-11-25,2018-11-01,2018,November,"18-Nov"
543,2018-11-26,2018-11-01,2018,November,"18-Nov"
544,2018-11-27,2018-11-01,2018,November,"18-Nov"
545,2018-11-28,2018-11-01,2018,November,"18-Nov"
546,2018-11-29,2018-11-01,2018,November,"18-Nov"
547,2018-11-30,2018-11-01,2018,November,"18-Nov"
548,2018-12-01,2018-12-01,2018,December,"18-Dec"
549,2018-12-02,2018-12-01,2018,December,"18-Dec"
550,2018-12-03,2018-12-01,2018,December,"18-Dec"
551,2018-12-04,2018-12-01,2018,December,"18-Dec"
552,2018-12-05,2018-12-01,2018,December,"18-Dec"
553,2018-12-06,2018-12-01,2018,December,"18-Dec"
554,2018-12-07,2018-12-01,2018,December,"18-Dec"
555,2018-12-08,2018-12-01,2018,December,"18-Dec"
556,2018-12-09,2018-12-01,2018,December,"18-Dec"
557,2018-12-10,2018-12-01,2018,December,"18-Dec"
558,2018-12-11,2018-12-01,2018,December,"18-Dec"
559,2018-12-12,2018-12-01,2018,December,"18-Dec"
560,2018-12-13,2018-12-01,2018,December,"18-Dec"
561,2018-12-14,2018-12-01,2018,December,"18-Dec"
562,2018-12-15,2018-12-01,2018,December,"18-Dec"
563,2018-12-16,2018-12-01,2018,December,"18-Dec"
564,2018-12-17,2018-12-01,2018,December,"18-Dec"
565,2018-12-18,2018-12-01,2018,December,"18-Dec"
566,2018-12-19,2018-12-01,2018,December,"18-Dec"
567,2018-12-20,2018-12-01,2018,December,"18-Dec"
568,2018-12-21,2018-12-01,2018,December,"18-Dec"
569,2018-12-22,2018-12-01,2018,December,"18-Dec"
570,2018-12-23,2018-12-01,2018,December,"18-Dec"
571,2018-12-24,2018-12-01,2018,December,"18-Dec"
572,2018-12-25,2018-12-01,2018,December,"18-Dec"
573,2018-12-26,2018-12-01,2018,December,"18-Dec"
574,2018-12-27,2018-12-01,2018,December,"18-Dec"
575,2018-12-28,2018-12-01,2018,December,"18-Dec"
576,2018-12-29,2018-12-01,2018,December,"18-Dec"
577,2018-12-30,2018-12-01,2018,December,"18-Dec"
578,2018-12-31,2018-12-01,2018,December,"18-Dec"
579,2019-01-01,2019-01-01,2019,January,"19-Jan"
580,2019-01-02,2019-01-01,2019,January,"19-Jan"
581,2019-01-03,2019-01-01,2019,January,"19-Jan"
582,2019-01-04,2019-01-01,2019,January,"19-Jan"
583,2019-01-05,2019-01-01,2019,January,"19-Jan"
584,2019-01-06,2019-01-01,2019,January,"19-Jan"
585,2019-01-07,2019-01-01,2019,January,"19-Jan"
586,2019-01-08,2019-01-01,2019,January,"19-Jan"
587,2019-01-09,2019-01-01,2019,January,"19-Jan"
588,2019-01-10,2019-01-01,2019,January,"19-Jan"
589,2019-01-11,2019-01-01,2019,January,"19-Jan"
590,2019-01-12,2019-01-01,2019,January,"19-Jan"
591,2019-01-13,2019-01-01,2019,January,"19-Jan"
592,2019-01-14,2019-01-01,2019,January,"19-Jan"
593,2019-01-15,2019-01-01,2019,January,"19-Jan"
594,2019-01-16,2019-01-01,2019,January,"19-Jan"
595,2019-01-17,2019-01-01,2019,January,"19-Jan"
596,2019-01-18,2019-01-01,2019,January,"19-Jan"
597,2019-01-19,2019-01-01,2019,January,"19-Jan"
598,2019-01-20,2019-01-01,2019,January,"19-Jan"
599,2019-01-21,2019-01-01,2019,January,"19-Jan"
600,2019-01-22,2019-01-01,2019,January,"19-Jan"
601,2019-01-23,2019-01-01,2019,January,"19-Jan"
602,2019-01-24,2019-01-01,2019,January,"19-Jan"
603,2019-01-25,2019-01-01,2019,January,"19-Jan"
604,2019-01-26,2019-01-01,2019,January,"19-Jan"
605,2019-01-27,2019-01-01,2019,January,"19-Jan"
606,2019-01-28,2019-01-01,2019,January,"19-Jan"
607,2019-01-29,2019-01-01,2019,January,"19-Jan"
608,2019-01-30,2019-01-01,2019,January,"19-Jan"
609,2019-01-31,2019-01-01,2019,January,"19-Jan"
610,2019-02-01,2019-02-01,2019,February,"19-Feb"
611,2019-02-02,2019-02-01,2019,February,"19-Feb"
612,2019-02-03,2019-02-01,2019,February,"19-Feb"
613,2019-02-04,2019-02-01,2019,February,"19-Feb"
614,2019-02-05,2019-02-01,2019,February,"19-Feb"
615,2019-02-06,2019-02-01,2019,February,"19-Feb"
616,2019-02-07,2019-02-01,2019,February,"19-Feb"
617,2019-02-08,2019-02-01,2019,February,"19-Feb"
618,2019-02-09,2019-02-01,2019,February,"19-Feb"
619,2019-02-10,2019-02-01,2019,February,"19-Feb"
620,2019-02-11,2019-02-01,2019,February,"19-Feb"
621,2019-02-12,2019-02-01,2019,February,"19-Feb"
622,2019-02-13,2019-02-01,2019,February,"19-Feb"
623,2019-02-14,2019-02-01,2019,February,"19-Feb"
624,2019-02-15,2019-02-01,2019,February,"19-Feb"
625,2019-02-16,2019-02-01,2019,February,"19-Feb"
626,2019-02-17,2019-02-01,2019,February,"19-Feb"
627,2019-02-18,2019-02-01,2019,February,"19-Feb"
628,2019-02-19,2019-02-01,2019,February,"19-Feb"
629,2019-02-20,2019-02-01,2019,February,"19-Feb"
630,2019-02-21,2019-02-01,2019,February,"19-Feb"
631,2019-02-22,2019-02-01,2019,February,"19-Feb"
632,2019-02-23,2019-02-01,2019,February,"19-Feb"
633,2019-02-24,2019-02-01,2019,February,"19-Feb"
634,2019-02-25,2019-02-01,2019,February,"19-Feb"
635,2019-02-26,2019-02-01,2019,February,"19-Feb"
636,2019-02-27,2019-02-01,2019,February,"19-Feb"
637,2019-02-28,2019-02-01,2019,February,"19-Feb"
638,2019-03-01,2019-03-01,2019,March,"19-Mar"
639,2019-03-02,2019-03-01,2019,March,"19-Mar"
640,2019-03-03,2019-03-01,2019,March,"19-Mar"
641,2019-03-04,2019-03-01,2019,March,"19-Mar"
642,2019-03-05,2019-03-01,2019,March,"19-Mar"
643,2019-03-06,2019-03-01,2019,March,"19-Mar"
644,2019-03-07,2019-03-01,2019,March,"19-Mar"
645,2019-03-08,2019-03-01,2019,March,"19-Mar"
646,2019-03-09,2019-03-01,2019,March,"19-Mar"
647,2019-03-10,2019-03-01,2019,March,"19-Mar"
648,2019-03-11,2019-03-01,2019,March,"19-Mar"
649,2019-03-12,2019-03-01,2019,March,"19-Mar"
650,2019-03-13,2019-03-01,2019,March,"19-Mar"
651,2019-03-14,2019-03-01,2019,March,"19-Mar"
652,2019-03-15,2019-03-01,2019,March,"19-Mar"
653,2019-03-16,2019-03-01,2019,March,"19-Mar"
654,2019-03-17,2019-03-01,2019,March,"19-Mar"
655,2019-03-18,2019-03-01,2019,March,"19-Mar"
656,2019-03-19,2019-03-01,2019,March,"19-Mar"
657,2019-03-20,2019-03-01,2019,March,"19-Mar"
658,2019-03-21,2019-03-01,2019,March,"19-Mar"
659,2019-03-22,2019-03-01,2019,March,"19-Mar"
660,2019-03-23,2019-03-01,2019,March,"19-Mar"
661,2019-03-24,2019-03-01,2019,March,"19-Mar"
662,2019-03-25,2019-03-01,2019,March,"19-Mar"
663,2019-03-26,2019-03-01,2019,March,"19-Mar"
664,2019-03-27,2019-03-01,2019,March,"19-Mar"
665,2019-03-28,2019-03-01,2019,March,"19-Mar"
666,2019-03-29,2019-03-01,2019,March,"19-Mar"
667,2019-03-30,2019-03-01,2019,March,"19-Mar"
668,2019-03-31,2019-03-01,2019,March,"19-Mar"
669,2019-04-01,2019-04-01,2019,April,"19-Apr"
670,2019-04-02,2019-04-01,2019,April,"19-Apr"
671,2019-04-03,2019-04-01,2019,April,"19-Apr"
672,2019-04-04,2019-04-01,2019,April,"19-Apr"
673,2019-04-05,2019-04-01,2019,April,"19-Apr"
674,2019-04-06,2019-04-01,2019,April,"19-Apr"
675,2019-04-07,2019-04-01,2019,April,"19-Apr"
676,2019-04-08,2019-04-01,2019,April,"19-Apr"
677,2019-04-09,2019-04-01,2019,April,"19-Apr"
678,2019-04-10,2019-04-01,2019,April,"19-Apr"
679,2019-04-11,2019-04-01,2019,April,"19-Apr"
680,2019-04-12,2019-04-01,2019,April,"19-Apr"
681,2019-04-13,2019-04-01,2019,April,"19-Apr"
682,2019-04-14,2019-04-01,2019,April,"19-Apr"
683,2019-04-15,2019-04-01,2019,April,"19-Apr"
684,2019-04-16,2019-04-01,2019,April,"19-Apr"
685,2019-04-17,2019-04-01,2019,April,"19-Apr"
686,2019-04-18,2019-04-01,2019,April,"19-Apr"
687,2019-04-19,2019-04-01,2019,April,"19-Apr"
688,2019-04-20,2019-04-01,2019,April,"19-Apr"
689,2019-04-21,2019-04-01,2019,April,"19-Apr"
690,2019-04-22,2019-04-01,2019,April,"19-Apr"
691,2019-04-23,2019-04-01,2019,April,"19-Apr"
692,2019-04-24,2019-04-01,2019,April,"19-Apr"
693,2019-04-25,2019-04-01,2019,April,"19-Apr"
694,2019-04-26,2019-04-01,2019,April,"19-Apr"
695,2019-04-27,2019-04-01,2019,April,"19-Apr"
696,2019-04-28,2019-04-01,2019,April,"19-Apr"
697,2019-04-29,2019-04-01,2019,April,"19-Apr"
698,2019-04-30,2019-04-01,2019,April,"19-Apr"
699,2019-05-01,2019-05-01,2019,May,"19-May"
700,2019-05-02,2019-05-01,2019,May,"19-May"
701,2019-05-03,2019-05-01,2019,May,"19-May"
702,2019-05-04,2019-05-01,2019,May,"19-May"
703,2019-05-05,2019-05-01,2019,May,"19-May"
704,2019-05-06,2019-05-01,2019,May,"19-May"
705,2019-05-07,2019-05-01,2019,May,"19-May"
706,2019-05-08,2019-05-01,2019,May,"19-May"
707,2019-05-09,2019-05-01,2019,May,"19-May"
708,2019-05-10,2019-05-01,2019,May,"19-May"
709,2019-05-11,2019-05-01,2019,May,"19-May"
710,2019-05-12,2019-05-01,2019,May,"19-May"
711,2019-05-13,2019-05-01,2019,May,"19-May"
712,2019-05-14,2019-05-01,2019,May,"19-May"
713,2019-05-15,2019-05-01,2019,May,"19-May"
714,2019-05-16,2019-05-01,2019,May,"19-May"
715,2019-05-17,2019-05-01,2019,May,"19-May"
716,2019-05-18,2019-05-01,2019,May,"19-May"
717,2019-05-19,2019-05-01,2019,May,"19-May"
718,2019-05-20,2019-05-01,2019,May,"19-May"
719,2019-05-21,2019-05-01,2019,May,"19-May"
720,2019-05-22,2019-05-01,2019,May,"19-May"
721,2019-05-23,2019-05-01,2019,May,"19-May"
722,2019-05-24,2019-05-01,2019,May,"19-May"
723,2019-05-25,2019-05-01,2019,May,"19-May"
724,2019-05-26,2019-05-01,2019,May,"19-May"
725,2019-05-27,2019-05-01,2019,May,"19-May"
726,2019-05-28,2019-05-01,2019,May,"19-May"
727,2019-05-29,2019-05-01,2019,May,"19-May"
728,2019-05-30,2019-05-01,2019,May,"19-May"
729,2019-05-31,2019-05-01,2019,May,"19-May"
730,2019-06-01,2019-06-01,2019,June,"19-Jun"
731,2019-06-02,2019-06-01,2019,June,"19-Jun"
732,2019-06-03,2019-06-01,2019,June,"19-Jun"
733,2019-06-04,2019-06-01,2019,June,"19-Jun"
734,2019-06-05,2019-06-01,2019,June,"19-Jun"
735,2019-06-06,2019-06-01,2019,June,"19-Jun"
736,2019-06-07,2019-06-01,2019,June,"19-Jun"
737,2019-06-08,2019-06-01,2019,June,"19-Jun"
738,2019-06-09,2019-06-01,2019,June,"19-Jun"
739,2019-06-10,2019-06-01,2019,June,"19-Jun"
740,2019-06-11,2019-06-01,2019,June,"19-Jun"
741,2019-06-12,2019-06-01,2019,June,"19-Jun"
742,2019-06-13,2019-06-01,2019,June,"19-Jun"
743,2019-06-14,2019-06-01,2019,June,"19-Jun"
744,2019-06-15,2019-06-01,2019,June,"19-Jun"
745,2019-06-16,2019-06-01,2019,June,"19-Jun"
746,2019-06-17,2019-06-01,2019,June,"19-Jun"
747,2019-06-18,2019-06-01,2019,June,"19-Jun"
748,2019-06-19,2019-06-01,2019,June,"19-Jun"
749,2019-06-20,2019-06-01,2019,June,"19-Jun"
750,2019-06-21,2019-06-01,2019,June,"19-Jun"
751,2019-06-22,2019-06-01,2019,June,"19-Jun"
752,2019-06-23,2019-06-01,2019,June,"19-Jun"
753,2019-06-24,2019-06-01,2019,June,"19-Jun"
754,2019-06-25,2019-06-01,2019,June,"19-Jun"
755,2019-06-26,2019-06-01,2019,June,"19-Jun"
756,2019-06-27,2019-06-01,2019,June,"19-Jun"
757,2019-06-28,2019-06-01,2019,June,"19-Jun"
758,2019-06-29,2019-06-01,2019,June,"19-Jun"
759,2019-06-30,2019-06-01,2019,June,"19-Jun"
760,2019-07-01,2019-07-01,2019,July,"19-Jul"
761,2019-07-02,2019-07-01,2019,July,"19-Jul"
762,2019-07-03,2019-07-01,2019,July,"19-Jul"
763,2019-07-04,2019-07-01,2019,July,"19-Jul"
764,2019-07-05,2019-07-01,2019,July,"19-Jul"
765,2019-07-06,2019-07-01,2019,July,"19-Jul"
766,2019-07-07,2019-07-01,2019,July,"19-Jul"
767,2019-07-08,2019-07-01,2019,July,"19-Jul"
768,2019-07-09,2019-07-01,2019,July,"19-Jul"
769,2019-07-10,2019-07-01,2019,July,"19-Jul"
770,2019-07-11,2019-07-01,2019,July,"19-Jul"
771,2019-07-12,2019-07-01,2019,July,"19-Jul"
772,2019-07-13,2019-07-01,2019,July,"19-Jul"
773,2019-07-14,2019-07-01,2019,July,"19-Jul"
774,2019-07-15,2019-07-01,2019,July,"19-Jul"
775,2019-07-16,2019-07-01,2019,July,"19-Jul"
776,2019-07-17,2019-07-01,2019,July,"19-Jul"
777,2019-07-18,2019-07-01,2019,July,"19-Jul"
778,2019-07-19,2019-07-01,2019,July,"19-Jul"
779,2019-07-20,2019-07-01,2019,July,"19-Jul"
780,2019-07-21,2019-07-01,2019,July,"19-Jul"
781,2019-07-22,2019-07-01,2019,July,"19-Jul"
782,2019-07-23,2019-07-01,2019,July,"19-Jul"
783,2019-07-24,2019-07-01,2019,July,"19-Jul"
784,2019-07-25,2019-07-01,2019,July,"19-Jul"
785,2019-07-26,2019-07-01,2019,July,"19-Jul"
786,2019-07-27,2019-07-01,2019,July,"19-Jul"
787,2019-07-28,2019-07-01,2019,July,"19-Jul"
788,2019-07-29,2019-07-01,2019,July,"19-Jul"
789,2019-07-30,2019-07-01,2019,July,"19-Jul"
790,2019-07-31,2019-07-01,2019,July,"19-Jul"
791,2019-08-01,2019-08-01,2019,August,"19-Aug"
792,2019-08-02,2019-08-01,2019,August,"19-Aug"
793,2019-08-03,2019-08-01,2019,August,"19-Aug"
794,2019-08-04,2019-08-01,2019,August,"19-Aug"
795,2019-08-05,2019-08-01,2019,August,"19-Aug"
796,2019-08-06,2019-08-01,2019,August,"19-Aug"
797,2019-08-07,2019-08-01,2019,August,"19-Aug"
798,2019-08-08,2019-08-01,2019,August,"19-Aug"
799,2019-08-09,2019-08-01,2019,August,"19-Aug"
800,2019-08-10,2019-08-01,2019,August,"19-Aug"
801,2019-08-11,2019-08-01,2019,August,"19-Aug"
802,2019-08-12,2019-08-01,2019,August,"19-Aug"
803,2019-08-13,2019-08-01,2019,August,"19-Aug"
804,2019-08-14,2019-08-01,2019,August,"19-Aug"
805,2019-08-15,2019-08-01,2019,August,"19-Aug"
806,2019-08-16,2019-08-01,2019,August,"19-Aug"
807,2019-08-17,2019-08-01,2019,August,"19-Aug"
808,2019-08-18,2019-08-01,2019,August,"19-Aug"
809,2019-08-19,2019-08-01,2019,August,"19-Aug"
810,2019-08-20,2019-08-01,2019,August,"19-Aug"
811,2019-08-21,2019-08-01,2019,August,"19-Aug"
812,2019-08-22,2019-08-01,2019,August,"19-Aug"
813,2019-08-23,2019-08-01,2019,August,"19-Aug"
814,2019-08-24,2019-08-01,2019,August,"19-Aug"
815,2019-08-25,2019-08-01,2019,August,"19-Aug"
816,2019-08-26,2019-08-01,2019,August,"19-Aug"
817,2019-08-27,2019-08-01,2019,August,"19-Aug"
818,2019-08-28,2019-08-01,2019,August,"19-Aug"
819,2019-08-29,2019-08-01,2019,August,"19-Aug"
820,2019-08-30,2019-08-01,2019,August,"19-Aug"
821,2019-08-31,2019-08-01,2019,August,"19-Aug"
822,2019-09-01,2019-09-01,2019,September,"19-Sep"
823,2019-09-02,2019-09-01,2019,September,"19-Sep"
824,2019-09-03,2019-09-01,2019,September,"19-Sep"
825,2019-09-04,2019-09-01,2019,September,"19-Sep"
826,2019-09-05,2019-09-01,2019,September,"19-Sep"
827,2019-09-06,2019-09-01,2019,September,"19-Sep"
828,2019-09-07,2019-09-01,2019,September,"19-Sep"
829,2019-09-08,2019-09-01,2019,September,"19-Sep"
830,2019-09-09,2019-09-01,2019,September,"19-Sep"
831,2019-09-10,2019-09-01,2019,September,"19-Sep"
832,2019-09-11,2019-09-01,2019,September,"19-Sep"
833,2019-09-12,2019-09-01,2019,September,"19-Sep"
834,2019-09-13,2019-09-01,2019,September,"19-Sep"
835,2019-09-14,2019-09-01,2019,September,"19-Sep"
836,2019-09-15,2019-09-01,2019,September,"19-Sep"
837,2019-09-16,2019-09-01,2019,September,"19-Sep"
838,2019-09-17,2019-09-01,2019,September,"19-Sep"
839,2019-09-18,2019-09-01,2019,September,"19-Sep"
840,2019-09-19,2019-09-01,2019,September,"19-Sep"
841,2019-09-20,2019-09-01,2019,September,"19-Sep"
842,2019-09-21,2019-09-01,2019,September,"19-Sep"
843,2019-09-22,2019-09-01,2019,September,"19-Sep"
844,2019-09-23,2019-09-01,2019,September,"19-Sep"
845,2019-09-24,2019-09-01,2019,September,"19-Sep"
846,2019-09-25,2019-09-01,2019,September,"19-Sep"
847,2019-09-26,2019-09-01,2019,September,"19-Sep"
848,2019-09-27,2019-09-01,2019,September,"19-Sep"
849,2019-09-28,2019-09-01,2019,September,"19-Sep"
850,2019-09-29,2019-09-01,2019,September,"19-Sep"
851,2019-09-30,2019-09-01,2019,September,"19-Sep"
852,2019-10-01,2019-10-01,2019,October,"19-Oct"
853,2019-10-02,2019-10-01,2019,October,"19-Oct"
854,2019-10-03,2019-10-01,2019,October,"19-Oct"
855,2019-10-04,2019-10-01,2019,October,"19-Oct"
856,2019-10-05,2019-10-01,2019,October,"19-Oct"
857,2019-10-06,2019-10-01,2019,October,"19-Oct"
858,2019-10-07,2019-10-01,2019,October,"19-Oct"
859,2019-10-08,2019-10-01,2019,October,"19-Oct"
860,2019-10-09,2019-10-01,2019,October,"19-Oct"
861,2019-10-10,2019-10-01,2019,October,"19-Oct"
862,2019-10-11,2019-10-01,2019,October,"19-Oct"
863,2019-10-12,2019-10-01,2019,October,"19-Oct"
864,2019-10-13,2019-10-01,2019,October,"19-Oct"
865,2019-10-14,2019-10-01,2019,October,"19-Oct"
866,2019-10-15,2019-10-01,2019,October,"19-Oct"
867,2019-10-16,2019-10-01,2019,October,"19-Oct"
868,2019-10-17,2019-10-01,2019,October,"19-Oct"
869,2019-10-18,2019-10-01,2019,October,"19-Oct"
870,2019-10-19,2019-10-01,2019,October,"19-Oct"
871,2019-10-20,2019-10-01,2019,October,"19-Oct"
872,2019-10-21,2019-10-01,2019,October,"19-Oct"
873,2019-10-22,2019-10-01,2019,October,"19-Oct"
874,2019-10-23,2019-10-01,2019,October,"19-Oct"
875,2019-10-24,2019-10-01,2019,October,"19-Oct"
876,2019-10-25,2019-10-01,2019,October,"19-Oct"
877,2019-10-26,2019-10-01,2019,October,"19-Oct"
878,2019-10-27,2019-10-01,2019,October,"19-Oct"
879,2019-10-28,2019-10-01,2019,October,"19-Oct"
880,2019-10-29,2019-10-01,2019,October,"19-Oct"
881,2019-10-30,2019-10-01,2019,October,"19-Oct"
882,2019-10-31,2019-10-01,2019,October,"19-Oct"
883,2019-11-01,2019-11-01,2019,November,"19-Nov"
884,2019-11-02,2019-11-01,2019,November,"19-Nov"
885,2019-11-03,2019-11-01,2019,November,"19-Nov"
886,2019-11-04,2019-11-01,2019,November,"19-Nov"
887,2019-11-05,2019-11-01,2019,November,"19-Nov"
888,2019-11-06,2019-11-01,2019,November,"19-Nov"
889,2019-11-07,2019-11-01,2019,November,"19-Nov"
890,2019-11-08,2019-11-01,2019,November,"19-Nov"
891,2019-11-09,2019-11-01,2019,November,"19-Nov"
892,2019-11-10,2019-11-01,2019,November,"19-Nov"
893,2019-11-11,2019-11-01,2019,November,"19-Nov"
894,2019-11-12,2019-11-01,2019,November,"19-Nov"
895,2019-11-13,2019-11-01,2019,November,"19-Nov"
896,2019-11-14,2019-11-01,2019,November,"19-Nov"
897,2019-11-15,2019-11-01,2019,November,"19-Nov"
898,2019-11-16,2019-11-01,2019,November,"19-Nov"
899,2019-11-17,2019-11-01,2019,November,"19-Nov"
900,2019-11-18,2019-11-01,2019,November,"19-Nov"
901,2019-11-19,2019-11-01,2019,November,"19-Nov"
902,2019-11-20,2019-11-01,2019,November,"19-Nov"
903,2019-11-21,2019-11-01,2019,November,"19-Nov"
904,2019-11-22,2019-11-01,2019,November,"19-Nov"
905,2019-11-23,2019-11-01,2019,November,"19-Nov"
906,2019-11-24,2019-11-01,2019,November,"19-Nov"
907,2019-11-25,2019-11-01,2019,November,"19-Nov"
908,2019-11-26,2019-11-01,2019,November,"19-Nov"
909,2019-11-27,2019-11-01,2019,November,"19-Nov"
910,2019-11-28,2019-11-01,2019,November,"19-Nov"
911,2019-11-29,2019-11-01,2019,November,"19-Nov"
912,2019-11-30,2019-11-01,2019,November,"19-Nov"
913,2019-12-01,2019-12-01,2019,December,"19-Dec"
914,2019-12-02,2019-12-01,2019,December,"19-Dec"
915,2019-12-03,2019-12-01,2019,December,"19-Dec"
916,2019-12-04,2019-12-01,2019,December,"19-Dec"
917,2019-12-05,2019-12-01,2019,December,"19-Dec"
918,2019-12-06,2019-12-01,2019,December,"19-Dec"
919,2019-12-07,2019-12-01,2019,December,"19-Dec"
920,2019-12-08,2019-12-01,2019,December,"19-Dec"
921,2019-12-09,2019-12-01,2019,December,"19-Dec"
922,2019-12-10,2019-12-01,2019,December,"19-Dec"
923,2019-12-11,2019-12-01,2019,December,"19-Dec"
924,2019-12-12,2019-12-01,2019,December,"19-Dec"
925,2019-12-13,2019-12-01,2019,December,"19-Dec"
926,2019-12-14,2019-12-01,2019,December,"19-Dec"
927,2019-12-15,2019-12-01,2019,December,"19-Dec"
928,2019-12-16,2019-12-01,2019,December,"19-Dec"
929,2019-12-17,2019-12-01,2019,December,"19-Dec"
930,2019-12-18,2019-12-01,2019,December,"19-Dec"
931,2019-12-19,2019-12-01,2019,December,"19-Dec"
932,2019-12-20,2019-12-01,2019,December,"19-Dec"
933,2019-12-21,2019-12-01,2019,December,"19-Dec"
934,2019-12-22,2019-12-01,2019,December,"19-Dec"
935,2019-12-23,2019-12-01,2019,December,"19-Dec"
936,2019-12-24,2019-12-01,2019,December,"19-Dec"
937,2019-12-25,2019-12-01,2019,December,"19-Dec"
938,2019-12-26,2019-12-01,2019,December,"19-Dec"
939,2019-12-27,2019-12-01,2019,December,"19-Dec"
940,2019-12-28,2019-12-01,2019,December,"19-Dec"
941,2019-12-29,2019-12-01,2019,December,"19-Dec"
942,2019-12-30,2019-12-01,2019,December,"19-Dec"
943,2019-12-31,2019-12-01,2019,December,"19-Dec"
944,2020-01-01,2020-01-01,2020,January,"20-Jan"
945,2020-01-02,2020-01-01,2020,January,"20-Jan"
946,2020-01-03,2020-01-01,2020,January,"20-Jan"
947,2020-01-04,2020-01-01,2020,January,"20-Jan"
948,2020-01-05,2020-01-01,2020,January,"20-Jan"
949,2020-01-06,2020-01-01,2020,January,"20-Jan"
950,2020-01-07,2020-01-01,2020,January,"20-Jan"
951,2020-01-08,2020-01-01,2020,January,"20-Jan"
952,2020-01-09,2020-01-01,2020,January,"20-Jan"
953,2020-01-10,2020-01-01,2020,January,"20-Jan"
954,2020-01-11,2020-01-01,2020,January,"20-Jan"
955,2020-01-12,2020-01-01,2020,January,"20-Jan"
956,2020-01-13,2020-01-01,2020,January,"20-Jan"
957,2020-01-14,2020-01-01,2020,January,"20-Jan"
958,2020-01-15,2020-01-01,2020,January,"20-Jan"
959,2020-01-16,2020-01-01,2020,January,"20-Jan"
960,2020-01-17,2020-01-01,2020,January,"20-Jan"
961,2020-01-18,2020-01-01,2020,January,"20-Jan"
962,2020-01-19,2020-01-01,2020,January,"20-Jan"
963,2020-01-20,2020-01-01,2020,January,"20-Jan"
964,2020-01-21,2020-01-01,2020,January,"20-Jan"
965,2020-01-22,2020-01-01,2020,January,"20-Jan"
966,2020-01-23,2020-01-01,2020,January,"20-Jan"
967,2020-01-24,2020-01-01,2020,January,"20-Jan"
968,2020-01-25,2020-01-01,2020,January,"20-Jan"
969,2020-01-26,2020-01-01,2020,January,"20-Jan"
970,2020-01-27,2020-01-01,2020,January,"20-Jan"
971,2020-01-28,2020-01-01,2020,January,"20-Jan"
972,2020-01-29,2020-01-01,2020,January,"20-Jan"
973,2020-01-30,2020-01-01,2020,January,"20-Jan"
974,2020-01-31,2020-01-01,2020,January,"20-Jan"
975,2020-02-01,2020-02-01,2020,February,"20-Feb"
976,2020-02-02,2020-02-01,2020,February,"20-Feb"
977,2020-02-03,2020-02-01,2020,February,"20-Feb"
978,2020-02-04,2020-02-01,2020,February,"20-Feb"
979,2020-02-05,2020-02-01,2020,February,"20-Feb"
980,2020-02-06,2020-02-01,2020,February,"20-Feb"
981,2020-02-07,2020-02-01,2020,February,"20-Feb"
982,2020-02-08,2020-02-01,2020,February,"20-Feb"
983,2020-02-09,2020-02-01,2020,February,"20-Feb"
984,2020-02-10,2020-02-01,2020,February,"20-Feb"
985,2020-02-11,2020-02-01,2020,February,"20-Feb"
986,2020-02-12,2020-02-01,2020,February,"20-Feb"
987,2020-02-13,2020-02-01,2020,February,"20-Feb"
988,2020-02-14,2020-02-01,2020,February,"20-Feb"
989,2020-02-15,2020-02-01,2020,February,"20-Feb"
990,2020-02-16,2020-02-01,2020,February,"20-Feb"
991,2020-02-17,2020-02-01,2020,February,"20-Feb"
992,2020-02-18,2020-02-01,2020,February,"20-Feb"
993,2020-02-19,2020-02-01,2020,February,"20-Feb"
994,2020-02-20,2020-02-01,2020,February,"20-Feb"
995,2020-02-21,2020-02-01,2020,February,"20-Feb"
996,2020-02-22,2020-02-01,2020,February,"20-Feb"
997,2020-02-23,2020-02-01,2020,February,"20-Feb"
998,2020-02-24,2020-02-01,2020,February,"20-Feb"
999,2020-02-25,2020-02-01,2020,February,"20-Feb"
1000,2020-02-26,2020-02-01,2020,February,"20-Feb"
1001,2020-02-27,2020-02-01,2020,February,"20-Feb"
1002,2020-02-28,2020-02-01,2020,February,"20-Feb"
1003,2020-02-29,2020-02-01,2020,February,"20-Feb"
1004,2020-03-01,2020-03-01,2020,March,"20-Mar"
1005,2020-03-02,2020-03-01,2020,March,"20-Mar"
1006,2020-03-03,2020-03-01,2020,March,"20-Mar"
1007,2020-03-04,2020-03-01,2020,March,"20-Mar"
1008,2020-03-05,2020-03-01,2020,March,"20-Mar"
1009,2020-03-06,2020-03-01,2020,March,"20-Mar"
1010,2020-03-07,2020-03-01,2020,March,"20-Mar"
1011,2020-03-08,2020-03-01,2020,March,"20-Mar"
1012,2020-03-09,2020-03-01,2020,March,"20-Mar"
1013,2020-03-10,2020-03-01,2020,March,"20-Mar"
1014,2020-03-11,2020-03-01,2020,March,"20-Mar"
1015,2020-03-12,2020-03-01,2020,March,"20-Mar"
1016,2020-03-13,2020-03-01,2020,March,"20-Mar"
1017,2020-03-14,2020-03-01,2020,March,"20-Mar"
1018,2020-03-15,2020-03-01,2020,March,"20-Mar"
1019,2020-03-16,2020-03-01,2020,March,"20-Mar"
1020,2020-03-17,2020-03-01,2020,March,"20-Mar"
1021,2020-03-18,2020-03-01,2020,March,"20-Mar"
1022,2020-03-19,2020-03-01,2020,March,"20-Mar"
1023,2020-03-20,2020-03-01,2020,March,"20-Mar"
1024,2020-03-21,2020-03-01,2020,March,"20-Mar"
1025,2020-03-22,2020-03-01,2020,March,"20-Mar"
1026,2020-03-23,2020-03-01,2020,March,"20-Mar"
1027,2020-03-24,2020-03-01,2020,March,"20-Mar"
1028,2020-03-25,2020-03-01,2020,March,"20-Mar"
1029,2020-03-26,2020-03-01,2020,March,"20-Mar"
1030,2020-03-27,2020-03-01,2020,March,"20-Mar"
1031,2020-03-28,2020-03-01,2020,March,"20-Mar"
1032,2020-03-29,2020-03-01,2020,March,"20-Mar"
1033,2020-03-30,2020-03-01,2020,March,"20-Mar"
1034,2020-03-31,2020-03-01,2020,March,"20-Mar"
1035,2020-04-01,2020-04-01,2020,April,"20-Apr"
1036,2020-04-02,2020-04-01,2020,April,"20-Apr"
1037,2020-04-03,2020-04-01,2020,April,"20-Apr"
1038,2020-04-04,2020-04-01,2020,April,"20-Apr"
1039,2020-04-05,2020-04-01,2020,April,"20-Apr"
1040,2020-04-06,2020-04-01,2020,April,"20-Apr"
1041,2020-04-07,2020-04-01,2020,April,"20-Apr"
1042,2020-04-08,2020-04-01,2020,April,"20-Apr"
1043,2020-04-09,2020-04-01,2020,April,"20-Apr"
1044,2020-04-10,2020-04-01,2020,April,"20-Apr"
1045,2020-04-11,2020-04-01,2020,April,"20-Apr"
1046,2020-04-12,2020-04-01,2020,April,"20-Apr"
1047,2020-04-13,2020-04-01,2020,April,"20-Apr"
1048,2020-04-14,2020-04-01,2020,April,"20-Apr"
1049,2020-04-15,2020-04-01,2020,April,"20-Apr"
1050,2020-04-16,2020-04-01,2020,April,"20-Apr"
1051,2020-04-17,2020-04-01,2020,April,"20-Apr"
1052,2020-04-18,2020-04-01,2020,April,"20-Apr"
1053,2020-04-19,2020-04-01,2020,April,"20-Apr"
1054,2020-04-20,2020-04-01,2020,April,"20-Apr"
1055,2020-04-21,2020-04-01,2020,April,"20-Apr"
1056,2020-04-22,2020-04-01,2020,April,"20-Apr"
1057,2020-04-23,2020-04-01,2020,April,"20-Apr"
1058,2020-04-24,2020-04-01,2020,April,"20-Apr"
1059,2020-04-25,2020-04-01,2020,April,"20-Apr"
1060,2020-04-26,2020-04-01,2020,April,"20-Apr"
1061,2020-04-27,2020-04-01,2020,April,"20-Apr"
1062,2020-04-28,2020-04-01,2020,April,"20-Apr"
1063,2020-04-29,2020-04-01,2020,April,"20-Apr"
1064,2020-04-30,2020-04-01,2020,April,"20-Apr"
1065,2020-05-01,2020-05-01,2020,May,"20-May"
1066,2020-05-02,2020-05-01,2020,May,"20-May"
1067,2020-05-03,2020-05-01,2020,May,"20-May"
1068,2020-05-04,2020-05-01,2020,May,"20-May"
1069,2020-05-05,2020-05-01,2020,May,"20-May"
1070,2020-05-06,2020-05-01,2020,May,"20-May"
1071,2020-05-07,2020-05-01,2020,May,"20-May"
1072,2020-05-08,2020-05-01,2020,May,"20-May"
1073,2020-05-09,2020-05-01,2020,May,"20-May"
1074,2020-05-10,2020-05-01,2020,May,"20-May"
1075,2020-05-11,2020-05-01,2020,May,"20-May"
1076,2020-05-12,2020-05-01,2020,May,"20-May"
1077,2020-05-13,2020-05-01,2020,May,"20-May"
1078,2020-05-14,2020-05-01,2020,May,"20-May"
1079,2020-05-15,2020-05-01,2020,May,"20-May"
1080,2020-05-16,2020-05-01,2020,May,"20-May"
1081,2020-05-17,2020-05-01,2020,May,"20-May"
1082,2020-05-18,2020-05-01,2020,May,"20-May"
1083,2020-05-19,2020-05-01,2020,May,"20-May"
1084,2020-05-20,2020-05-01,2020,May,"20-May"
1085,2020-05-21,2020-05-01,2020,May,"20-May"
1086,2020-05-22,2020-05-01,2020,May,"20-May"
1087,2020-05-23,2020-05-01,2020,May,"20-May"
1088,2020-05-24,2020-05-01,2020,May,"20-May"
1089,2020-05-25,2020-05-01,2020,May,"20-May"
1090,2020-05-26,2020-05-01,2020,May,"20-May"
1091,2020-05-27,2020-05-01,2020,May,"20-May"
1092,2020-05-28,2020-05-01,2020,May,"20-May"
1093,2020-05-29,2020-05-01,2020,May,"20-May"
1094,2020-05-30,2020-05-01,2020,May,"20-May"
1095,2020-05-31,2020-05-01,2020,May,"20-May"
1096,2020-06-01,2020-06-01,2020,June,"20-Jun"
1097,2020-06-02,2020-06-01,2020,June,"20-Jun"
1098,2020-06-03,2020-06-01,2020,June,"20-Jun"
1099,2020-06-04,2020-06-01,2020,June,"20-Jun"
1100,2020-06-05,2020-06-01,2020,June,"20-Jun"
1101,2020-06-06,2020-06-01,2020,June,"20-Jun"
1102,2020-06-07,2020-06-01,2020,June,"20-Jun"
1103,2020-06-08,2020-06-01,2020,June,"20-Jun"
1104,2020-06-09,2020-06-01,2020,June,"20-Jun"
1105,2020-06-10,2020-06-01,2020,June,"20-Jun"
1106,2020-06-11,2020-06-01,2020,June,"20-Jun"
1107,2020-06-12,2020-06-01,2020,June,"20-Jun"
1108,2020-06-13,2020-06-01,2020,June,"20-Jun"
1109,2020-06-14,2020-06-01,2020,June,"20-Jun"
1110,2020-06-15,2020-06-01,2020,June,"20-Jun"
1111,2020-06-16,2020-06-01,2020,June,"20-Jun"
1112,2020-06-17,2020-06-01,2020,June,"20-Jun"
1113,2020-06-18,2020-06-01,2020,June,"20-Jun"
1114,2020-06-19,2020-06-01,2020,June,"20-Jun"
1115,2020-06-20,2020-06-01,2020,June,"20-Jun"
1116,2020-06-21,2020-06-01,2020,June,"20-Jun"
1117,2020-06-22,2020-06-01,2020,June,"20-Jun"
1118,2020-06-23,2020-06-01,2020,June,"20-Jun"
1119,2020-06-24,2020-06-01,2020,June,"20-Jun"
1120,2020-06-25,2020-06-01,2020,June,"20-Jun"
1121,2020-06-26,2020-06-01,2020,June,"20-Jun"
1122,2020-06-27,2020-06-01,2020,June,"20-Jun"
1123,2020-06-28,2020-06-01,2020,June,"20-Jun"
1124,2020-06-29,2020-06-01,2020,June,"20-Jun"
1125,2020-06-30,2020-06-01,2020,June,"20-Jun"
